"Gender";"Age";"Marital_Status";"Website_Activity";"Browsed_Electronics_12Mo";"Bought_Electronics_12Mo";"Bought_Digital_Media_18Mo";"Bought_Digital_Books";"Payment_Method";"User_ID";"confidence(Late Majority)";"confidence(Innovator)";"confidence(Early Adopter)";"confidence(Early Majority)";"prediction(eReader_Adoption)"
"M";57.0;"S";"Regular";"Yes";"Yes";"Yes";"Yes";"Bank Transfer";56031.0;0.04918032786885246;0.31693989071038253;0.4098360655737705;0.22404371584699453;"Early Adopter"
"F";51.0;"M";"Regular";"Yes";"Yes";"No";"No";"Bank Transfer";25913.0;0.04918032786885246;0.31693989071038253;0.4098360655737705;0.22404371584699453;"Early Adopter"
"M";41.0;"M";"Seldom";"Yes";"Yes";"Yes";"No";"Website Account";19396.0;0.7513227513227513;0.021164021164021163;0.05291005291005291;0.1746031746031746;"Late Majority"
"M";66.0;"S";"Regular";"Yes";"Yes";"Yes";"Yes";"Credit Card";93666.0;0.04918032786885246;0.31693989071038253;0.4098360655737705;0.22404371584699453;"Early Adopter"
"F";31.0;"S";"Seldom";"Yes";"No";"Yes";"No";"Website Account";72282.0;0.7513227513227513;0.021164021164021163;0.05291005291005291;0.1746031746031746;"Late Majority"
"M";68.0;"M";"Regular";"Yes";"Yes";"Yes";"No";"Bank Transfer";64466.0;0.04918032786885246;0.31693989071038253;0.4098360655737705;0.22404371584699453;"Early Adopter"
"F";51.0;"S";"Seldom";"Yes";"No";"No";"No";"Website Account";76655.0;0.7513227513227513;0.021164021164021163;0.05291005291005291;0.1746031746031746;"Late Majority"
"F";36.0;"S";"Frequent";"Yes";"No";"Yes";"No";"Website Account";48465.0;0.125;0.875;0.0;0.0;"Innovator"
"M";29.0;"M";"Regular";"Yes";"Yes";"Yes";"No";"Website Account";19889.0;0.04918032786885246;0.31693989071038253;0.4098360655737705;0.22404371584699453;"Early Adopter"
"M";61.0;"M";"Frequent";"Yes";"No";"Yes";"No";"Website Account";63570.0;0.0;0.0;0.0;1.0;"Early Majority"
"M";47.0;"S";"Regular";"Yes";"No";"Yes";"No";"Website Account";63239.0;0.04918032786885246;0.31693989071038253;0.4098360655737705;0.22404371584699453;"Early Adopter"
"F";62.0;"S";"Regular";"Yes";"Yes";"Yes";"No";"Website Account";67603.0;0.04918032786885246;0.31693989071038253;0.4098360655737705;0.22404371584699453;"Early Adopter"
"M";32.0;"M";"Regular";"Yes";"No";"Yes";"No";"Bank Transfer";65685.0;0.04918032786885246;0.31693989071038253;0.4098360655737705;0.22404371584699453;"Early Adopter"
"M";17.0;"M";"Seldom";"Yes";"No";"Yes";"No";"Credit Card";77373.0;0.0;0.0;0.0;1.0;"Early Majority"
"M";36.0;"S";"Regular";"Yes";"No";"Yes";"Yes";"Website Account";54239.0;0.04918032786885246;0.31693989071038253;0.4098360655737705;0.22404371584699453;"Early Adopter"
"M";58.0;"S";"Regular";"No";"Yes";"Yes";"Yes";"Bank Transfer";55781.0;0.04918032786885246;0.31693989071038253;0.4098360655737705;0.22404371584699453;"Early Adopter"
"F";62.0;"M";"Regular";"Yes";"Yes";"Yes";"No";"Monthly Billing";19854.0;0.04918032786885246;0.31693989071038253;0.4098360655737705;0.22404371584699453;"Early Adopter"
"M";37.0;"S";"Seldom";"Yes";"No";"Yes";"No";"Bank Transfer";27852.0;0.7513227513227513;0.021164021164021163;0.05291005291005291;0.1746031746031746;"Late Majority"
"F";28.0;"M";"Seldom";"Yes";"No";"Yes";"No";"Monthly Billing";85169.0;0.7513227513227513;0.021164021164021163;0.05291005291005291;0.1746031746031746;"Late Majority"
"M";43.0;"M";"Seldom";"Yes";"Yes";"Yes";"Yes";"Bank Transfer";62492.0;0.07035175879396985;0.06030150753768844;0.507537688442211;0.36180904522613067;"Early Adopter"
"F";29.0;"M";"Seldom";"Yes";"Yes";"Yes";"No";"Bank Transfer";90254.0;0.7513227513227513;0.021164021164021163;0.05291005291005291;0.1746031746031746;"Late Majority"
"F";36.0;"S";"Regular";"Yes";"Yes";"No";"No";"Website Account";81277.0;0.04918032786885246;0.31693989071038253;0.4098360655737705;0.22404371584699453;"Early Adopter"
"M";37.0;"M";"Seldom";"Yes";"No";"Yes";"Yes";"Website Account";15575.0;0.07035175879396985;0.06030150753768844;0.507537688442211;0.36180904522613067;"Early Adopter"
"F";56.0;"S";"Seldom";"Yes";"No";"Yes";"No";"Monthly Billing";88000.0;0.7513227513227513;0.021164021164021163;0.05291005291005291;0.1746031746031746;"Late Majority"
"M";63.0;"M";"Seldom";"Yes";"Yes";"Yes";"Yes";"Website Account";57301.0;0.07035175879396985;0.06030150753768844;0.507537688442211;0.36180904522613067;"Early Adopter"
"M";64.0;"M";"Seldom";"Yes";"No";"No";"No";"Bank Transfer";81776.0;0.7513227513227513;0.021164021164021163;0.05291005291005291;0.1746031746031746;"Late Majority"
"F";42.0;"S";"Regular";"Yes";"Yes";"Yes";"Yes";"Bank Transfer";34642.0;0.04918032786885246;0.31693989071038253;0.4098360655737705;0.22404371584699453;"Early Adopter"
"M";54.0;"S";"Regular";"Yes";"No";"Yes";"Yes";"Website Account";30573.0;0.04918032786885246;0.31693989071038253;0.4098360655737705;0.22404371584699453;"Early Adopter"
"F";37.0;"M";"Seldom";"Yes";"No";"Yes";"Yes";"Bank Transfer";92903.0;0.07035175879396985;0.06030150753768844;0.507537688442211;0.36180904522613067;"Early Adopter"
"M";29.0;"M";"Regular";"Yes";"No";"Yes";"No";"Bank Transfer";97263.0;0.04918032786885246;0.31693989071038253;0.4098360655737705;0.22404371584699453;"Early Adopter"
"M";65.0;"S";"Regular";"Yes";"Yes";"Yes";"Yes";"Credit Card";36740.0;0.04918032786885246;0.31693989071038253;0.4098360655737705;0.22404371584699453;"Early Adopter"
"M";48.0;"M";"Regular";"Yes";"No";"Yes";"No";"Credit Card";50414.0;0.04918032786885246;0.31693989071038253;0.4098360655737705;0.22404371584699453;"Early Adopter"
"F";32.0;"M";"Seldom";"Yes";"No";"Yes";"Yes";"Bank Transfer";59901.0;0.07035175879396985;0.06030150753768844;0.507537688442211;0.36180904522613067;"Early Adopter"
"M";67.0;"M";"Seldom";"Yes";"No";"Yes";"No";"Credit Card";27135.0;0.7513227513227513;0.021164021164021163;0.05291005291005291;0.1746031746031746;"Late Majority"
"M";66.0;"M";"Seldom";"Yes";"No";"Yes";"No";"Credit Card";75778.0;0.7513227513227513;0.021164021164021163;0.05291005291005291;0.1746031746031746;"Late Majority"
"M";59.0;"S";"Seldom";"Yes";"No";"Yes";"Yes";"Bank Transfer";25250.0;0.07035175879396985;0.06030150753768844;0.507537688442211;0.36180904522613067;"Early Adopter"
"F";47.0;"S";"Seldom";"Yes";"Yes";"No";"Yes";"Credit Card";76172.0;0.07035175879396985;0.06030150753768844;0.507537688442211;0.36180904522613067;"Early Adopter"
"F";47.0;"M";"Seldom";"Yes";"Yes";"Yes";"Yes";"Website Account";68362.0;0.07035175879396985;0.06030150753768844;0.507537688442211;0.36180904522613067;"Early Adopter"
"M";65.0;"M";"Seldom";"Yes";"No";"No";"No";"Bank Transfer";59361.0;0.7513227513227513;0.021164021164021163;0.05291005291005291;0.1746031746031746;"Late Majority"
"F";43.0;"M";"Seldom";"Yes";"No";"Yes";"No";"Bank Transfer";75104.0;0.7513227513227513;0.021164021164021163;0.05291005291005291;0.1746031746031746;"Late Majority"
"F";50.0;"S";"Seldom";"Yes";"Yes";"No";"Yes";"Monthly Billing";97899.0;0.07035175879396985;0.06030150753768844;0.507537688442211;0.36180904522613067;"Early Adopter"
"M";37.0;"M";"Seldom";"Yes";"No";"Yes";"Yes";"Website Account";53506.0;0.07035175879396985;0.06030150753768844;0.507537688442211;0.36180904522613067;"Early Adopter"
"F";25.0;"S";"Seldom";"Yes";"No";"No";"No";"Credit Card";56204.0;0.5;0.0;0.0;0.5;"Late Majority"
"M";51.0;"M";"Seldom";"Yes";"No";"No";"Yes";"Credit Card";67586.0;0.07035175879396985;0.06030150753768844;0.507537688442211;0.36180904522613067;"Early Adopter"
"M";26.0;"M";"Regular";"Yes";"No";"Yes";"No";"Website Account";92932.0;0.04918032786885246;0.31693989071038253;0.4098360655737705;0.22404371584699453;"Early Adopter"
"M";50.0;"S";"Frequent";"Yes";"No";"No";"No";"Website Account";70473.0;0.1111111111111111;0.0;0.8888888888888888;0.0;"Early Adopter"
"F";32.0;"S";"Seldom";"Yes";"No";"Yes";"No";"Website Account";65341.0;0.7513227513227513;0.021164021164021163;0.05291005291005291;0.1746031746031746;"Late Majority"
"F";32.0;"S";"Seldom";"Yes";"No";"Yes";"No";"Website Account";20555.0;0.7513227513227513;0.021164021164021163;0.05291005291005291;0.1746031746031746;"Late Majority"
"F";36.0;"S";"Frequent";"Yes";"No";"Yes";"No";"Website Account";83754.0;0.125;0.875;0.0;0.0;"Innovator"
"M";47.0;"S";"Regular";"Yes";"No";"No";"Yes";"Credit Card";69809.0;0.04918032786885246;0.31693989071038253;0.4098360655737705;0.22404371584699453;"Early Adopter"
"M";48.0;"S";"Regular";"Yes";"No";"No";"Yes";"Credit Card";15065.0;0.04918032786885246;0.31693989071038253;0.4098360655737705;0.22404371584699453;"Early Adopter"
"F";49.0;"S";"Seldom";"Yes";"No";"Yes";"Yes";"Monthly Billing";19303.0;0.07035175879396985;0.06030150753768844;0.507537688442211;0.36180904522613067;"Early Adopter"
"M";35.0;"S";"Regular";"Yes";"No";"Yes";"Yes";"Website Account";97649.0;0.04918032786885246;0.31693989071038253;0.4098360655737705;0.22404371584699453;"Early Adopter"
"M";57.0;"S";"Regular";"No";"Yes";"Yes";"Yes";"Bank Transfer";68265.0;0.04918032786885246;0.31693989071038253;0.4098360655737705;0.22404371584699453;"Early Adopter"
"F";32.0;"S";"Seldom";"Yes";"No";"Yes";"No";"Website Account";22144.0;0.7513227513227513;0.021164021164021163;0.05291005291005291;0.1746031746031746;"Late Majority"
"M";28.0;"M";"Regular";"No";"No";"Yes";"No";"Monthly Billing";35417.0;0.04918032786885246;0.31693989071038253;0.4098360655737705;0.22404371584699453;"Early Adopter"
"M";55.0;"S";"Seldom";"Yes";"No";"Yes";"No";"Website Account";92068.0;0.7513227513227513;0.021164021164021163;0.05291005291005291;0.1746031746031746;"Late Majority"
"F";67.0;"M";"Frequent";"No";"Yes";"No";"Yes";"Website Account";16994.0;0.3333333333333333;0.6666666666666666;0.0;0.0;"Innovator"
"F";55.0;"S";"Seldom";"Yes";"No";"Yes";"No";"Website Account";63405.0;0.7513227513227513;0.021164021164021163;0.05291005291005291;0.1746031746031746;"Late Majority"
"F";55.0;"S";"Seldom";"Yes";"No";"Yes";"No";"Website Account";14799.0;0.7513227513227513;0.021164021164021163;0.05291005291005291;0.1746031746031746;"Late Majority"
"M";64.0;"M";"Seldom";"Yes";"Yes";"Yes";"No";"Monthly Billing";74414.0;0.7513227513227513;0.021164021164021163;0.05291005291005291;0.1746031746031746;"Late Majority"
"M";62.0;"S";"Seldom";"Yes";"No";"Yes";"No";"Website Account";52869.0;0.7513227513227513;0.021164021164021163;0.05291005291005291;0.1746031746031746;"Late Majority"
"F";34.0;"S";"Regular";"Yes";"Yes";"Yes";"No";"Website Account";50777.0;0.04918032786885246;0.31693989071038253;0.4098360655737705;0.22404371584699453;"Early Adopter"
"M";67.0;"S";"Seldom";"Yes";"No";"Yes";"Yes";"Bank Transfer";66884.0;0.07035175879396985;0.06030150753768844;0.507537688442211;0.36180904522613067;"Early Adopter"
"M";48.0;"S";"Regular";"Yes";"No";"Yes";"No";"Website Account";14507.0;0.04918032786885246;0.31693989071038253;0.4098360655737705;0.22404371584699453;"Early Adopter"
"F";61.0;"S";"Regular";"Yes";"Yes";"Yes";"No";"Website Account";96545.0;0.04918032786885246;0.31693989071038253;0.4098360655737705;0.22404371584699453;"Early Adopter"
"F";64.0;"M";"Seldom";"Yes";"Yes";"Yes";"Yes";"Monthly Billing";28983.0;0.07035175879396985;0.06030150753768844;0.507537688442211;0.36180904522613067;"Early Adopter"
"F";65.0;"S";"Seldom";"Yes";"No";"Yes";"Yes";"Website Account";87211.0;0.07035175879396985;0.06030150753768844;0.507537688442211;0.36180904522613067;"Early Adopter"
"M";68.0;"M";"Seldom";"Yes";"No";"No";"No";"Bank Transfer";13408.0;0.7513227513227513;0.021164021164021163;0.05291005291005291;0.1746031746031746;"Late Majority"
"M";43.0;"S";"Seldom";"Yes";"Yes";"Yes";"Yes";"Bank Transfer";57746.0;0.07035175879396985;0.06030150753768844;0.507537688442211;0.36180904522613067;"Early Adopter"
"F";57.0;"S";"Regular";"Yes";"No";"No";"Yes";"Website Account";87341.0;0.04918032786885246;0.31693989071038253;0.4098360655737705;0.22404371584699453;"Early Adopter"
"F";29.0;"S";"Regular";"Yes";"No";"Yes";"Yes";"Bank Transfer";55308.0;0.04918032786885246;0.31693989071038253;0.4098360655737705;0.22404371584699453;"Early Adopter"
"F";31.0;"M";"Seldom";"Yes";"No";"Yes";"No";"Monthly Billing";75706.0;0.7513227513227513;0.021164021164021163;0.05291005291005291;0.1746031746031746;"Late Majority"
"M";47.0;"S";"Seldom";"Yes";"No";"Yes";"No";"Credit Card";76970.0;0.7513227513227513;0.021164021164021163;0.05291005291005291;0.1746031746031746;"Late Majority"
"F";23.0;"S";"Seldom";"Yes";"No";"No";"No";"Credit Card";24719.0;0.5;0.0;0.0;0.5;"Late Majority"
"F";67.0;"M";"Regular";"Yes";"No";"No";"No";"Website Account";55084.0;0.04918032786885246;0.31693989071038253;0.4098360655737705;0.22404371584699453;"Early Adopter"
"M";53.0;"S";"Seldom";"Yes";"No";"Yes";"No";"Website Account";87205.0;0.7513227513227513;0.021164021164021163;0.05291005291005291;0.1746031746031746;"Late Majority"
"F";52.0;"M";"Seldom";"Yes";"No";"Yes";"No";"Bank Transfer";18228.0;0.7513227513227513;0.021164021164021163;0.05291005291005291;0.1746031746031746;"Late Majority"
"M";48.0;"S";"Seldom";"Yes";"No";"Yes";"Yes";"Website Account";13880.0;0.07035175879396985;0.06030150753768844;0.507537688442211;0.36180904522613067;"Early Adopter"
"M";23.0;"M";"Regular";"Yes";"Yes";"Yes";"Yes";"Website Account";78234.0;0.04918032786885246;0.31693989071038253;0.4098360655737705;0.22404371584699453;"Early Adopter"
"F";33.0;"S";"Seldom";"Yes";"Yes";"Yes";"No";"Website Account";26499.0;0.7513227513227513;0.021164021164021163;0.05291005291005291;0.1746031746031746;"Late Majority"
"M";45.0;"S";"Seldom";"Yes";"Yes";"Yes";"No";"Website Account";26056.0;0.7513227513227513;0.021164021164021163;0.05291005291005291;0.1746031746031746;"Late Majority"
"M";43.0;"S";"Seldom";"Yes";"Yes";"Yes";"No";"Bank Transfer";56380.0;0.7513227513227513;0.021164021164021163;0.05291005291005291;0.1746031746031746;"Late Majority"
"M";52.0;"M";"Frequent";"Yes";"Yes";"Yes";"No";"Bank Transfer";14730.0;0.0;0.6666666666666666;0.3333333333333333;0.0;"Innovator"
"F";36.0;"S";"Regular";"Yes";"Yes";"Yes";"No";"Website Account";31365.0;0.04918032786885246;0.31693989071038253;0.4098360655737705;0.22404371584699453;"Early Adopter"
"M";19.0;"M";"Seldom";"Yes";"Yes";"Yes";"Yes";"Website Account";81704.0;0.07035175879396985;0.06030150753768844;0.507537688442211;0.36180904522613067;"Early Adopter"
"F";46.0;"S";"Seldom";"Yes";"No";"Yes";"No";"Monthly Billing";20677.0;0.7513227513227513;0.021164021164021163;0.05291005291005291;0.1746031746031746;"Late Majority"
"F";50.0;"S";"Seldom";"Yes";"Yes";"No";"Yes";"Monthly Billing";22923.0;0.07035175879396985;0.06030150753768844;0.507537688442211;0.36180904522613067;"Early Adopter"
"F";53.0;"S";"Seldom";"Yes";"No";"Yes";"Yes";"Credit Card";15706.0;0.07035175879396985;0.06030150753768844;0.507537688442211;0.36180904522613067;"Early Adopter"
"M";46.0;"S";"Seldom";"Yes";"No";"Yes";"Yes";"Website Account";58150.0;0.07035175879396985;0.06030150753768844;0.507537688442211;0.36180904522613067;"Early Adopter"
"M";38.0;"S";"Seldom";"Yes";"No";"Yes";"Yes";"Bank Transfer";16788.0;0.07035175879396985;0.06030150753768844;0.507537688442211;0.36180904522613067;"Early Adopter"
"F";30.0;"M";"Seldom";"Yes";"No";"Yes";"Yes";"Website Account";71801.0;0.07035175879396985;0.06030150753768844;0.507537688442211;0.36180904522613067;"Early Adopter"
"M";30.0;"M";"Seldom";"Yes";"No";"Yes";"Yes";"Website Account";48662.0;0.07035175879396985;0.06030150753768844;0.507537688442211;0.36180904522613067;"Early Adopter"
"F";32.0;"M";"Seldom";"Yes";"No";"Yes";"No";"Monthly Billing";80090.0;0.7513227513227513;0.021164021164021163;0.05291005291005291;0.1746031746031746;"Late Majority"
"M";59.0;"M";"Frequent";"Yes";"No";"Yes";"No";"Website Account";45776.0;0.1111111111111111;0.0;0.8888888888888888;0.0;"Early Adopter"
"F";68.0;"M";"Regular";"Yes";"No";"No";"No";"Website Account";92374.0;0.04918032786885246;0.31693989071038253;0.4098360655737705;0.22404371584699453;"Early Adopter"
"F";43.0;"M";"Regular";"Yes";"Yes";"Yes";"Yes";"Website Account";77028.0;0.04918032786885246;0.31693989071038253;0.4098360655737705;0.22404371584699453;"Early Adopter"
"F";63.0;"M";"Seldom";"Yes";"No";"Yes";"No";"Website Account";49617.0;0.7513227513227513;0.021164021164021163;0.05291005291005291;0.1746031746031746;"Late Majority"
"F";64.0;"M";"Seldom";"Yes";"No";"Yes";"No";"Website Account";15810.0;0.7513227513227513;0.021164021164021163;0.05291005291005291;0.1746031746031746;"Late Majority"
"F";67.0;"M";"Frequent";"No";"Yes";"No";"Yes";"Website Account";85343.0;0.3333333333333333;0.6666666666666666;0.0;0.0;"Innovator"
"F";57.0;"S";"Seldom";"Yes";"No";"Yes";"No";"Website Account";73118.0;0.7513227513227513;0.021164021164021163;0.05291005291005291;0.1746031746031746;"Late Majority"
"F";52.0;"M";"Regular";"Yes";"Yes";"No";"No";"Bank Transfer";76548.0;0.04918032786885246;0.31693989071038253;0.4098360655737705;0.22404371584699453;"Early Adopter"
"F";54.0;"M";"Seldom";"Yes";"Yes";"Yes";"No";"Bank Transfer";78179.0;0.7513227513227513;0.021164021164021163;0.05291005291005291;0.1746031746031746;"Late Majority"
"F";22.0;"M";"Regular";"Yes";"Yes";"Yes";"No";"Credit Card";84132.0;0.04918032786885246;0.31693989071038253;0.4098360655737705;0.22404371584699453;"Early Adopter"
"F";28.0;"M";"Regular";"Yes";"Yes";"Yes";"Yes";"Monthly Billing";79105.0;0.04918032786885246;0.31693989071038253;0.4098360655737705;0.22404371584699453;"Early Adopter"
"M";48.0;"S";"Seldom";"Yes";"No";"Yes";"No";"Credit Card";49019.0;0.7513227513227513;0.021164021164021163;0.05291005291005291;0.1746031746031746;"Late Majority"
"F";51.0;"M";"Regular";"No";"Yes";"Yes";"No";"Credit Card";89985.0;0.04918032786885246;0.31693989071038253;0.4098360655737705;0.22404371584699453;"Early Adopter"
"F";57.0;"S";"Regular";"Yes";"No";"No";"Yes";"Website Account";42424.0;0.04918032786885246;0.31693989071038253;0.4098360655737705;0.22404371584699453;"Early Adopter"
"M";61.0;"S";"Seldom";"Yes";"No";"Yes";"No";"Website Account";67645.0;0.7513227513227513;0.021164021164021163;0.05291005291005291;0.1746031746031746;"Late Majority"
"F";21.0;"S";"Seldom";"Yes";"No";"No";"No";"Credit Card";93347.0;0.5;0.0;0.0;0.5;"Late Majority"
"F";52.0;"M";"Seldom";"Yes";"Yes";"Yes";"No";"Bank Transfer";16908.0;0.7513227513227513;0.021164021164021163;0.05291005291005291;0.1746031746031746;"Late Majority"
"F";62.0;"M";"Regular";"No";"Yes";"Yes";"No";"Bank Transfer";86453.0;0.04918032786885246;0.31693989071038253;0.4098360655737705;0.22404371584699453;"Early Adopter"
"F";40.0;"S";"Frequent";"Yes";"No";"Yes";"No";"Website Account";98350.0;0.125;0.875;0.0;0.0;"Innovator"
"M";35.0;"S";"Seldom";"Yes";"No";"Yes";"No";"Bank Transfer";51247.0;0.7513227513227513;0.021164021164021163;0.05291005291005291;0.1746031746031746;"Late Majority"
"F";52.0;"S";"Seldom";"Yes";"Yes";"No";"Yes";"Monthly Billing";13668.0;0.07035175879396985;0.06030150753768844;0.507537688442211;0.36180904522613067;"Early Adopter"
"M";44.0;"S";"Seldom";"Yes";"Yes";"Yes";"Yes";"Website Account";90322.0;0.07035175879396985;0.06030150753768844;0.507537688442211;0.36180904522613067;"Early Adopter"
"M";44.0;"M";"Seldom";"Yes";"Yes";"Yes";"Yes";"Bank Transfer";32371.0;0.07035175879396985;0.06030150753768844;0.507537688442211;0.36180904522613067;"Early Adopter"
"M";47.0;"S";"Seldom";"Yes";"No";"Yes";"No";"Credit Card";44173.0;0.7513227513227513;0.021164021164021163;0.05291005291005291;0.1746031746031746;"Late Majority"
"F";49.0;"M";"Seldom";"Yes";"No";"Yes";"No";"Bank Transfer";76558.0;0.7513227513227513;0.021164021164021163;0.05291005291005291;0.1746031746031746;"Late Majority"
"M";46.0;"S";"Regular";"Yes";"Yes";"Yes";"No";"Website Account";54936.0;0.04918032786885246;0.31693989071038253;0.4098360655737705;0.22404371584699453;"Early Adopter"
"F";58.0;"S";"Regular";"Yes";"No";"No";"Yes";"Website Account";84631.0;0.04918032786885246;0.31693989071038253;0.4098360655737705;0.22404371584699453;"Early Adopter"
"M";33.0;"M";"Seldom";"Yes";"Yes";"Yes";"Yes";"Website Account";67067.0;0.07035175879396985;0.06030150753768844;0.507537688442211;0.36180904522613067;"Early Adopter"
"M";23.0;"M";"Regular";"Yes";"No";"Yes";"No";"Website Account";22402.0;0.04918032786885246;0.31693989071038253;0.4098360655737705;0.22404371584699453;"Early Adopter"
"F";48.0;"S";"Seldom";"Yes";"Yes";"No";"Yes";"Credit Card";12532.0;0.07035175879396985;0.06030150753768844;0.507537688442211;0.36180904522613067;"Early Adopter"
"M";39.0;"S";"Seldom";"Yes";"No";"Yes";"No";"Bank Transfer";64950.0;0.7513227513227513;0.021164021164021163;0.05291005291005291;0.1746031746031746;"Late Majority"
"M";65.0;"M";"Seldom";"Yes";"No";"Yes";"No";"Credit Card";24212.0;0.7513227513227513;0.021164021164021163;0.05291005291005291;0.1746031746031746;"Late Majority"
"F";26.0;"S";"Regular";"Yes";"No";"Yes";"Yes";"Bank Transfer";86962.0;0.04918032786885246;0.31693989071038253;0.4098360655737705;0.22404371584699453;"Early Adopter"
"M";31.0;"S";"Seldom";"Yes";"No";"Yes";"No";"Website Account";65788.0;0.7513227513227513;0.021164021164021163;0.05291005291005291;0.1746031746031746;"Late Majority"
"M";17.0;"M";"Seldom";"Yes";"No";"Yes";"No";"Credit Card";61926.0;0.0;0.0;0.0;1.0;"Early Majority"
"M";26.0;"M";"Seldom";"Yes";"No";"No";"No";"Monthly Billing";81747.0;0.7513227513227513;0.021164021164021163;0.05291005291005291;0.1746031746031746;"Late Majority"
"M";24.0;"S";"Seldom";"Yes";"No";"Yes";"No";"Bank Transfer";58818.0;0.25;0.0;0.0;0.75;"Early Majority"
"M";54.0;"S";"Seldom";"Yes";"No";"Yes";"No";"Website Account";61668.0;0.7513227513227513;0.021164021164021163;0.05291005291005291;0.1746031746031746;"Late Majority"
"M";46.0;"M";"Frequent";"Yes";"Yes";"No";"Yes";"Website Account";10153.0;0.0;0.5;0.0;0.5;"Innovator"
"M";47.0;"S";"Seldom";"Yes";"No";"Yes";"Yes";"Website Account";75722.0;0.07035175879396985;0.06030150753768844;0.507537688442211;0.36180904522613067;"Early Adopter"
"F";62.0;"M";"Seldom";"Yes";"Yes";"Yes";"Yes";"Monthly Billing";69601.0;0.07035175879396985;0.06030150753768844;0.507537688442211;0.36180904522613067;"Early Adopter"
"F";63.0;"M";"Seldom";"Yes";"Yes";"Yes";"No";"Website Account";88778.0;0.7513227513227513;0.021164021164021163;0.05291005291005291;0.1746031746031746;"Late Majority"
"F";42.0;"M";"Regular";"Yes";"Yes";"Yes";"Yes";"Website Account";49903.0;0.04918032786885246;0.31693989071038253;0.4098360655737705;0.22404371584699453;"Early Adopter"
"F";49.0;"S";"Seldom";"Yes";"Yes";"Yes";"Yes";"Bank Transfer";63669.0;0.07035175879396985;0.06030150753768844;0.507537688442211;0.36180904522613067;"Early Adopter"
"M";64.0;"M";"Seldom";"Yes";"Yes";"Yes";"Yes";"Website Account";15769.0;0.07035175879396985;0.06030150753768844;0.507537688442211;0.36180904522613067;"Early Adopter"
"M";49.0;"S";"Regular";"Yes";"No";"No";"Yes";"Credit Card";85097.0;0.04918032786885246;0.31693989071038253;0.4098360655737705;0.22404371584699453;"Early Adopter"
"M";52.0;"M";"Frequent";"Yes";"Yes";"Yes";"No";"Bank Transfer";67767.0;0.0;0.6666666666666666;0.3333333333333333;0.0;"Innovator"
"M";20.0;"M";"Regular";"Yes";"Yes";"Yes";"Yes";"Website Account";44210.0;0.04918032786885246;0.31693989071038253;0.4098360655737705;0.22404371584699453;"Early Adopter"
"F";64.0;"M";"Frequent";"No";"Yes";"No";"Yes";"Website Account";33192.0;0.3333333333333333;0.6666666666666666;0.0;0.0;"Innovator"
"F";41.0;"S";"Regular";"Yes";"Yes";"Yes";"Yes";"Bank Transfer";43668.0;0.04918032786885246;0.31693989071038253;0.4098360655737705;0.22404371584699453;"Early Adopter"
"M";31.0;"M";"Seldom";"Yes";"Yes";"Yes";"Yes";"Website Account";51348.0;0.07035175879396985;0.06030150753768844;0.507537688442211;0.36180904522613067;"Early Adopter"
"F";39.0;"S";"Regular";"Yes";"Yes";"No";"No";"Website Account";40481.0;0.04918032786885246;0.31693989071038253;0.4098360655737705;0.22404371584699453;"Early Adopter"
"F";50.0;"S";"Regular";"Yes";"Yes";"Yes";"No";"Bank Transfer";20176.0;0.04918032786885246;0.31693989071038253;0.4098360655737705;0.22404371584699453;"Early Adopter"
"F";53.0;"M";"Seldom";"Yes";"Yes";"Yes";"No";"Bank Transfer";52881.0;0.7513227513227513;0.021164021164021163;0.05291005291005291;0.1746031746031746;"Late Majority"
"F";60.0;"M";"Seldom";"Yes";"Yes";"Yes";"Yes";"Monthly Billing";75183.0;0.07035175879396985;0.06030150753768844;0.507537688442211;0.36180904522613067;"Early Adopter"
"M";58.0;"S";"Seldom";"Yes";"No";"Yes";"No";"Website Account";46740.0;0.7513227513227513;0.021164021164021163;0.05291005291005291;0.1746031746031746;"Late Majority"
"M";52.0;"M";"Seldom";"Yes";"Yes";"Yes";"No";"Website Account";85498.0;0.7513227513227513;0.021164021164021163;0.05291005291005291;0.1746031746031746;"Late Majority"
"M";47.0;"M";"Regular";"Yes";"No";"Yes";"No";"Credit Card";94008.0;0.04918032786885246;0.31693989071038253;0.4098360655737705;0.22404371584699453;"Early Adopter"
"M";42.0;"S";"Seldom";"Yes";"No";"No";"Yes";"Bank Transfer";52945.0;0.07035175879396985;0.06030150753768844;0.507537688442211;0.36180904522613067;"Early Adopter"
"F";49.0;"M";"Regular";"Yes";"Yes";"Yes";"Yes";"Bank Transfer";41667.0;0.04918032786885246;0.31693989071038253;0.4098360655737705;0.22404371584699453;"Early Adopter"
"F";49.0;"M";"Seldom";"Yes";"No";"Yes";"Yes";"Bank Transfer";18023.0;0.07035175879396985;0.06030150753768844;0.507537688442211;0.36180904522613067;"Early Adopter"
"F";26.0;"M";"Seldom";"Yes";"No";"Yes";"Yes";"Website Account";57474.0;0.07035175879396985;0.06030150753768844;0.507537688442211;0.36180904522613067;"Early Adopter"
"F";21.0;"S";"Seldom";"Yes";"No";"Yes";"Yes";"Website Account";65355.0;0.07035175879396985;0.06030150753768844;0.507537688442211;0.36180904522613067;"Early Adopter"
"M";19.0;"M";"Seldom";"Yes";"No";"Yes";"Yes";"Monthly Billing";64352.0;0.07035175879396985;0.06030150753768844;0.507537688442211;0.36180904522613067;"Early Adopter"
"M";61.0;"S";"Seldom";"Yes";"Yes";"Yes";"Yes";"Bank Transfer";22479.0;0.07035175879396985;0.06030150753768844;0.507537688442211;0.36180904522613067;"Early Adopter"
"M";31.0;"M";"Regular";"Yes";"No";"Yes";"No";"Bank Transfer";23135.0;0.04918032786885246;0.31693989071038253;0.4098360655737705;0.22404371584699453;"Early Adopter"
"F";26.0;"M";"Seldom";"Yes";"Yes";"Yes";"No";"Bank Transfer";88666.0;0.7513227513227513;0.021164021164021163;0.05291005291005291;0.1746031746031746;"Late Majority"
"F";31.0;"M";"Regular";"Yes";"Yes";"Yes";"Yes";"Monthly Billing";51218.0;0.04918032786885246;0.31693989071038253;0.4098360655737705;0.22404371584699453;"Early Adopter"
"F";28.0;"M";"Seldom";"Yes";"No";"Yes";"Yes";"Website Account";95316.0;0.07035175879396985;0.06030150753768844;0.507537688442211;0.36180904522613067;"Early Adopter"
"F";46.0;"S";"Seldom";"Yes";"Yes";"No";"No";"Bank Transfer";99694.0;0.7513227513227513;0.021164021164021163;0.05291005291005291;0.1746031746031746;"Late Majority"
"M";36.0;"M";"Regular";"Yes";"Yes";"Yes";"No";"Bank Transfer";84559.0;0.04918032786885246;0.31693989071038253;0.4098360655737705;0.22404371584699453;"Early Adopter"
"M";49.0;"S";"Seldom";"Yes";"No";"Yes";"No";"Credit Card";24084.0;0.7513227513227513;0.021164021164021163;0.05291005291005291;0.1746031746031746;"Late Majority"
"F";38.0;"M";"Seldom";"Yes";"No";"Yes";"Yes";"Bank Transfer";89880.0;0.07035175879396985;0.06030150753768844;0.507537688442211;0.36180904522613067;"Early Adopter"
"M";41.0;"S";"Seldom";"Yes";"No";"No";"Yes";"Bank Transfer";46503.0;0.07035175879396985;0.06030150753768844;0.507537688442211;0.36180904522613067;"Early Adopter"
"M";65.0;"S";"Seldom";"Yes";"No";"Yes";"Yes";"Bank Transfer";32561.0;0.07035175879396985;0.06030150753768844;0.507537688442211;0.36180904522613067;"Early Adopter"
"M";47.0;"S";"Regular";"Yes";"Yes";"Yes";"No";"Website Account";49906.0;0.04918032786885246;0.31693989071038253;0.4098360655737705;0.22404371584699453;"Early Adopter"
"M";36.0;"S";"Regular";"Yes";"No";"Yes";"Yes";"Website Account";80705.0;0.04918032786885246;0.31693989071038253;0.4098360655737705;0.22404371584699453;"Early Adopter"
"M";48.0;"S";"Regular";"Yes";"No";"Yes";"No";"Website Account";69195.0;0.04918032786885246;0.31693989071038253;0.4098360655737705;0.22404371584699453;"Early Adopter"
"M";28.0;"M";"Regular";"Yes";"Yes";"Yes";"No";"Website Account";46081.0;0.04918032786885246;0.31693989071038253;0.4098360655737705;0.22404371584699453;"Early Adopter"
"F";43.0;"M";"Seldom";"Yes";"Yes";"Yes";"Yes";"Website Account";86311.0;0.07035175879396985;0.06030150753768844;0.507537688442211;0.36180904522613067;"Early Adopter"
"F";67.0;"S";"Seldom";"Yes";"No";"Yes";"Yes";"Website Account";25755.0;0.07035175879396985;0.06030150753768844;0.507537688442211;0.36180904522613067;"Early Adopter"
"M";54.0;"S";"Regular";"Yes";"No";"Yes";"Yes";"Website Account";22138.0;0.04918032786885246;0.31693989071038253;0.4098360655737705;0.22404371584699453;"Early Adopter"
"F";51.0;"S";"Seldom";"Yes";"Yes";"Yes";"Yes";"Bank Transfer";61082.0;0.07035175879396985;0.06030150753768844;0.507537688442211;0.36180904522613067;"Early Adopter"
"M";50.0;"M";"Seldom";"Yes";"No";"No";"Yes";"Credit Card";85084.0;0.07035175879396985;0.06030150753768844;0.507537688442211;0.36180904522613067;"Early Adopter"
"F";44.0;"M";"Seldom";"Yes";"No";"Yes";"No";"Bank Transfer";50209.0;0.7513227513227513;0.021164021164021163;0.05291005291005291;0.1746031746031746;"Late Majority"
"M";61.0;"S";"Seldom";"Yes";"Yes";"Yes";"Yes";"Bank Transfer";73685.0;0.07035175879396985;0.06030150753768844;0.507537688442211;0.36180904522613067;"Early Adopter"
"M";47.0;"S";"Seldom";"Yes";"Yes";"Yes";"No";"Website Account";52205.0;0.7513227513227513;0.021164021164021163;0.05291005291005291;0.1746031746031746;"Late Majority"
"F";47.0;"S";"Seldom";"Yes";"Yes";"No";"No";"Bank Transfer";83940.0;0.7513227513227513;0.021164021164021163;0.05291005291005291;0.1746031746031746;"Late Majority"
"F";50.0;"S";"Seldom";"Yes";"No";"No";"No";"Website Account";72143.0;0.7513227513227513;0.021164021164021163;0.05291005291005291;0.1746031746031746;"Late Majority"
"M";59.0;"M";"Frequent";"Yes";"No";"Yes";"No";"Website Account";85198.0;0.1111111111111111;0.0;0.8888888888888888;0.0;"Early Adopter"
"M";57.0;"S";"Regular";"Yes";"Yes";"Yes";"No";"Credit Card";21099.0;0.04918032786885246;0.31693989071038253;0.4098360655737705;0.22404371584699453;"Early Adopter"
"M";36.0;"S";"Seldom";"Yes";"No";"Yes";"Yes";"Bank Transfer";75222.0;0.07035175879396985;0.06030150753768844;0.507537688442211;0.36180904522613067;"Early Adopter"
"F";37.0;"S";"Regular";"Yes";"Yes";"Yes";"No";"Website Account";43243.0;0.04918032786885246;0.31693989071038253;0.4098360655737705;0.22404371584699453;"Early Adopter"
"F";53.0;"S";"Seldom";"Yes";"Yes";"Yes";"No";"Credit Card";23768.0;0.7513227513227513;0.021164021164021163;0.05291005291005291;0.1746031746031746;"Late Majority"
"M";31.0;"M";"Regular";"No";"No";"Yes";"No";"Monthly Billing";64405.0;0.04918032786885246;0.31693989071038253;0.4098360655737705;0.22404371584699453;"Early Adopter"
"M";64.0;"M";"Seldom";"Yes";"No";"Yes";"No";"Website Account";36067.0;0.7513227513227513;0.021164021164021163;0.05291005291005291;0.1746031746031746;"Late Majority"
"M";17.0;"M";"Seldom";"Yes";"Yes";"Yes";"Yes";"Website Account";72270.0;0.07035175879396985;0.06030150753768844;0.507537688442211;0.36180904522613067;"Early Adopter"
"F";59.0;"S";"Seldom";"Yes";"No";"Yes";"No";"Monthly Billing";14980.0;0.7513227513227513;0.021164021164021163;0.05291005291005291;0.1746031746031746;"Late Majority"
"M";61.0;"M";"Frequent";"Yes";"No";"Yes";"No";"Website Account";49866.0;0.0;0.0;0.0;1.0;"Early Majority"
"F";62.0;"M";"Seldom";"Yes";"Yes";"Yes";"No";"Website Account";25355.0;0.7513227513227513;0.021164021164021163;0.05291005291005291;0.1746031746031746;"Late Majority"
"F";25.0;"M";"Regular";"Yes";"Yes";"Yes";"No";"Credit Card";12978.0;0.04918032786885246;0.31693989071038253;0.4098360655737705;0.22404371584699453;"Early Adopter"
"F";53.0;"M";"Regular";"No";"Yes";"Yes";"No";"Credit Card";92483.0;0.04918032786885246;0.31693989071038253;0.4098360655737705;0.22404371584699453;"Early Adopter"
"F";45.0;"M";"Regular";"Yes";"Yes";"Yes";"Yes";"Bank Transfer";79388.0;0.04918032786885246;0.31693989071038253;0.4098360655737705;0.22404371584699453;"Early Adopter"
"F";35.0;"S";"Seldom";"Yes";"No";"Yes";"No";"Bank Transfer";38881.0;0.7513227513227513;0.021164021164021163;0.05291005291005291;0.1746031746031746;"Late Majority"
"F";51.0;"S";"Seldom";"Yes";"Yes";"No";"Yes";"Bank Transfer";63427.0;0.07035175879396985;0.06030150753768844;0.507537688442211;0.36180904522613067;"Early Adopter"
"M";41.0;"M";"Seldom";"Yes";"Yes";"Yes";"Yes";"Bank Transfer";17451.0;0.07035175879396985;0.06030150753768844;0.507537688442211;0.36180904522613067;"Early Adopter"
"F";53.0;"S";"Regular";"Yes";"Yes";"No";"No";"Bank Transfer";48696.0;0.04918032786885246;0.31693989071038253;0.4098360655737705;0.22404371584699453;"Early Adopter"
"F";58.0;"S";"Seldom";"Yes";"No";"Yes";"No";"Website Account";89831.0;0.7513227513227513;0.021164021164021163;0.05291005291005291;0.1746031746031746;"Late Majority"
"M";46.0;"M";"Seldom";"Yes";"Yes";"Yes";"Yes";"Monthly Billing";26109.0;0.07035175879396985;0.06030150753768844;0.507537688442211;0.36180904522613067;"Early Adopter"
"M";34.0;"M";"Seldom";"Yes";"No";"Yes";"No";"Monthly Billing";34406.0;0.7513227513227513;0.021164021164021163;0.05291005291005291;0.1746031746031746;"Late Majority"
"M";48.0;"M";"Frequent";"Yes";"Yes";"Yes";"No";"Bank Transfer";93483.0;0.0;0.6666666666666666;0.3333333333333333;0.0;"Innovator"
"F";28.0;"M";"Seldom";"Yes";"No";"Yes";"Yes";"Bank Transfer";96893.0;0.07035175879396985;0.06030150753768844;0.507537688442211;0.36180904522613067;"Early Adopter"
"M";33.0;"M";"Regular";"Yes";"No";"Yes";"No";"Bank Transfer";76169.0;0.04918032786885246;0.31693989071038253;0.4098360655737705;0.22404371584699453;"Early Adopter"
"F";50.0;"M";"Regular";"No";"Yes";"Yes";"No";"Credit Card";99037.0;0.04918032786885246;0.31693989071038253;0.4098360655737705;0.22404371584699453;"Early Adopter"
"M";22.0;"S";"Seldom";"Yes";"Yes";"Yes";"No";"Bank Transfer";52292.0;0.0;0.058823529411764705;0.0;0.9411764705882353;"Early Majority"
"M";66.0;"M";"Seldom";"Yes";"Yes";"Yes";"Yes";"Website Account";27878.0;0.07035175879396985;0.06030150753768844;0.507537688442211;0.36180904522613067;"Early Adopter"
"F";51.0;"S";"Seldom";"Yes";"Yes";"No";"Yes";"Credit Card";15614.0;0.07035175879396985;0.06030150753768844;0.507537688442211;0.36180904522613067;"Early Adopter"
"M";59.0;"S";"Regular";"Yes";"Yes";"Yes";"Yes";"Bank Transfer";57412.0;0.04918032786885246;0.31693989071038253;0.4098360655737705;0.22404371584699453;"Early Adopter"
"M";54.0;"S";"Regular";"Yes";"Yes";"Yes";"No";"Credit Card";85005.0;0.04918032786885246;0.31693989071038253;0.4098360655737705;0.22404371584699453;"Early Adopter"
"F";66.0;"M";"Frequent";"No";"Yes";"No";"Yes";"Website Account";79896.0;0.3333333333333333;0.6666666666666666;0.0;0.0;"Innovator"
"M";42.0;"S";"Seldom";"Yes";"Yes";"Yes";"No";"Bank Transfer";82338.0;0.7513227513227513;0.021164021164021163;0.05291005291005291;0.1746031746031746;"Late Majority"
"F";25.0;"M";"Regular";"Yes";"Yes";"Yes";"No";"Credit Card";78096.0;0.04918032786885246;0.31693989071038253;0.4098360655737705;0.22404371584699453;"Early Adopter"
"F";66.0;"M";"Frequent";"No";"Yes";"No";"Yes";"Website Account";30121.0;0.3333333333333333;0.6666666666666666;0.0;0.0;"Innovator"
"F";51.0;"S";"Seldom";"Yes";"Yes";"No";"Yes";"Monthly Billing";70731.0;0.07035175879396985;0.06030150753768844;0.507537688442211;0.36180904522613067;"Early Adopter"
"M";34.0;"M";"Seldom";"Yes";"No";"Yes";"Yes";"Website Account";42786.0;0.07035175879396985;0.06030150753768844;0.507537688442211;0.36180904522613067;"Early Adopter"
"F";56.0;"S";"Seldom";"Yes";"No";"Yes";"No";"Website Account";46836.0;0.7513227513227513;0.021164021164021163;0.05291005291005291;0.1746031746031746;"Late Majority"
"F";52.0;"M";"Seldom";"Yes";"Yes";"Yes";"No";"Bank Transfer";15286.0;0.7513227513227513;0.021164021164021163;0.05291005291005291;0.1746031746031746;"Late Majority"
"F";65.0;"M";"Frequent";"Yes";"No";"No";"No";"Monthly Billing";53876.0;0.3333333333333333;0.6666666666666666;0.0;0.0;"Innovator"
"M";40.0;"M";"Seldom";"Yes";"Yes";"Yes";"Yes";"Bank Transfer";88598.0;0.07035175879396985;0.06030150753768844;0.507537688442211;0.36180904522613067;"Early Adopter"
"M";17.0;"M";"Seldom";"Yes";"No";"Yes";"No";"Credit Card";27193.0;0.0;0.0;0.0;1.0;"Early Majority"
"F";50.0;"S";"Seldom";"Yes";"Yes";"No";"No";"Bank Transfer";62087.0;0.7513227513227513;0.021164021164021163;0.05291005291005291;0.1746031746031746;"Late Majority"
"F";31.0;"M";"Seldom";"Yes";"No";"Yes";"Yes";"Bank Transfer";90476.0;0.07035175879396985;0.06030150753768844;0.507537688442211;0.36180904522613067;"Early Adopter"
"F";57.0;"S";"Seldom";"Yes";"No";"Yes";"No";"Website Account";78795.0;0.7513227513227513;0.021164021164021163;0.05291005291005291;0.1746031746031746;"Late Majority"
"F";46.0;"M";"Seldom";"Yes";"No";"Yes";"Yes";"Bank Transfer";26464.0;0.07035175879396985;0.06030150753768844;0.507537688442211;0.36180904522613067;"Early Adopter"
"F";37.0;"S";"Seldom";"Yes";"Yes";"Yes";"No";"Website Account";52421.0;0.7513227513227513;0.021164021164021163;0.05291005291005291;0.1746031746031746;"Late Majority"
"F";44.0;"M";"Regular";"Yes";"Yes";"Yes";"Yes";"Website Account";12784.0;0.04918032786885246;0.31693989071038253;0.4098360655737705;0.22404371584699453;"Early Adopter"
"F";61.0;"M";"Regular";"Yes";"Yes";"Yes";"No";"Monthly Billing";15999.0;0.04918032786885246;0.31693989071038253;0.4098360655737705;0.22404371584699453;"Early Adopter"
"F";19.0;"S";"Seldom";"Yes";"No";"Yes";"Yes";"Website Account";10246.0;0.07035175879396985;0.06030150753768844;0.507537688442211;0.36180904522613067;"Early Adopter"
"F";53.0;"S";"Seldom";"Yes";"Yes";"Yes";"No";"Credit Card";55848.0;0.7513227513227513;0.021164021164021163;0.05291005291005291;0.1746031746031746;"Late Majority"
"M";47.0;"M";"Regular";"Yes";"No";"No";"No";"Credit Card";67818.0;0.04918032786885246;0.31693989071038253;0.4098360655737705;0.22404371584699453;"Early Adopter"
"F";49.0;"S";"Seldom";"Yes";"No";"Yes";"Yes";"Monthly Billing";74055.0;0.07035175879396985;0.06030150753768844;0.507537688442211;0.36180904522613067;"Early Adopter"
"F";50.0;"M";"Seldom";"Yes";"Yes";"Yes";"No";"Bank Transfer";38140.0;0.7513227513227513;0.021164021164021163;0.05291005291005291;0.1746031746031746;"Late Majority"
"F";52.0;"S";"Seldom";"Yes";"Yes";"No";"Yes";"Bank Transfer";90036.0;0.07035175879396985;0.06030150753768844;0.507537688442211;0.36180904522613067;"Early Adopter"
"M";42.0;"M";"Seldom";"Yes";"Yes";"Yes";"Yes";"Bank Transfer";93955.0;0.07035175879396985;0.06030150753768844;0.507537688442211;0.36180904522613067;"Early Adopter"
"M";61.0;"S";"Seldom";"Yes";"No";"Yes";"No";"Bank Transfer";76591.0;0.7513227513227513;0.021164021164021163;0.05291005291005291;0.1746031746031746;"Late Majority"
"M";42.0;"S";"Seldom";"Yes";"Yes";"Yes";"No";"Bank Transfer";97981.0;0.7513227513227513;0.021164021164021163;0.05291005291005291;0.1746031746031746;"Late Majority"
"F";67.0;"M";"Regular";"Yes";"No";"No";"No";"Website Account";80485.0;0.04918032786885246;0.31693989071038253;0.4098360655737705;0.22404371584699453;"Early Adopter"
"M";62.0;"M";"Seldom";"Yes";"No";"Yes";"No";"Website Account";78255.0;0.7513227513227513;0.021164021164021163;0.05291005291005291;0.1746031746031746;"Late Majority"
"F";33.0;"S";"Seldom";"Yes";"Yes";"Yes";"No";"Website Account";66185.0;0.7513227513227513;0.021164021164021163;0.05291005291005291;0.1746031746031746;"Late Majority"
"F";49.0;"M";"Seldom";"Yes";"No";"Yes";"No";"Bank Transfer";61803.0;0.7513227513227513;0.021164021164021163;0.05291005291005291;0.1746031746031746;"Late Majority"
"F";59.0;"S";"Regular";"Yes";"Yes";"Yes";"No";"Website Account";37110.0;0.04918032786885246;0.31693989071038253;0.4098360655737705;0.22404371584699453;"Early Adopter"
"M";56.0;"M";"Seldom";"Yes";"No";"Yes";"Yes";"Website Account";62033.0;0.07035175879396985;0.06030150753768844;0.507537688442211;0.36180904522613067;"Early Adopter"
"M";45.0;"S";"Seldom";"Yes";"No";"No";"Yes";"Bank Transfer";65242.0;0.07035175879396985;0.06030150753768844;0.507537688442211;0.36180904522613067;"Early Adopter"
"F";64.0;"M";"Regular";"No";"Yes";"Yes";"No";"Bank Transfer";28689.0;0.04918032786885246;0.31693989071038253;0.4098360655737705;0.22404371584699453;"Early Adopter"
"M";34.0;"S";"Seldom";"Yes";"Yes";"Yes";"Yes";"Bank Transfer";80584.0;0.07035175879396985;0.06030150753768844;0.507537688442211;0.36180904522613067;"Early Adopter"
"M";30.0;"M";"Seldom";"Yes";"No";"Yes";"Yes";"Website Account";92866.0;0.07035175879396985;0.06030150753768844;0.507537688442211;0.36180904522613067;"Early Adopter"
"M";45.0;"S";"Seldom";"Yes";"Yes";"Yes";"Yes";"Website Account";90469.0;0.07035175879396985;0.06030150753768844;0.507537688442211;0.36180904522613067;"Early Adopter"
"F";52.0;"S";"Seldom";"Yes";"Yes";"No";"Yes";"Bank Transfer";79042.0;0.07035175879396985;0.06030150753768844;0.507537688442211;0.36180904522613067;"Early Adopter"
"F";38.0;"S";"Regular";"Yes";"Yes";"Yes";"No";"Website Account";81919.0;0.04918032786885246;0.31693989071038253;0.4098360655737705;0.22404371584699453;"Early Adopter"
"M";23.0;"S";"Seldom";"Yes";"No";"Yes";"No";"Bank Transfer";34616.0;0.25;0.0;0.0;0.75;"Early Majority"
"M";68.0;"M";"Seldom";"Yes";"No";"Yes";"No";"Credit Card";25205.0;0.7513227513227513;0.021164021164021163;0.05291005291005291;0.1746031746031746;"Late Majority"
"M";67.0;"S";"Regular";"Yes";"No";"No";"Yes";"Credit Card";29995.0;0.04918032786885246;0.31693989071038253;0.4098360655737705;0.22404371584699453;"Early Adopter"
"M";55.0;"M";"Seldom";"Yes";"No";"Yes";"Yes";"Website Account";44901.0;0.07035175879396985;0.06030150753768844;0.507537688442211;0.36180904522613067;"Early Adopter"
"F";34.0;"S";"Seldom";"Yes";"No";"Yes";"No";"Bank Transfer";32695.0;0.7513227513227513;0.021164021164021163;0.05291005291005291;0.1746031746031746;"Late Majority"
"M";61.0;"S";"Seldom";"Yes";"Yes";"Yes";"Yes";"Bank Transfer";29389.0;0.07035175879396985;0.06030150753768844;0.507537688442211;0.36180904522613067;"Early Adopter"
"F";40.0;"M";"Regular";"Yes";"Yes";"Yes";"Yes";"Website Account";45400.0;0.04918032786885246;0.31693989071038253;0.4098360655737705;0.22404371584699453;"Early Adopter"
"F";35.0;"S";"Regular";"Yes";"Yes";"No";"No";"Website Account";70962.0;0.04918032786885246;0.31693989071038253;0.4098360655737705;0.22404371584699453;"Early Adopter"
"M";34.0;"S";"Seldom";"Yes";"No";"Yes";"Yes";"Bank Transfer";23009.0;0.07035175879396985;0.06030150753768844;0.507537688442211;0.36180904522613067;"Early Adopter"
"M";28.0;"M";"Regular";"Yes";"No";"Yes";"No";"Bank Transfer";69935.0;0.04918032786885246;0.31693989071038253;0.4098360655737705;0.22404371584699453;"Early Adopter"
"F";33.0;"S";"Seldom";"Yes";"No";"Yes";"No";"Website Account";36662.0;0.7513227513227513;0.021164021164021163;0.05291005291005291;0.1746031746031746;"Late Majority"
"F";66.0;"M";"Seldom";"Yes";"No";"Yes";"No";"Website Account";58585.0;0.7513227513227513;0.021164021164021163;0.05291005291005291;0.1746031746031746;"Late Majority"
"M";45.0;"M";"Frequent";"Yes";"Yes";"No";"Yes";"Website Account";62717.0;0.0;0.5;0.0;0.5;"Innovator"
"M";32.0;"S";"Seldom";"Yes";"No";"Yes";"No";"Website Account";11319.0;0.7513227513227513;0.021164021164021163;0.05291005291005291;0.1746031746031746;"Late Majority"
"M";44.0;"M";"Seldom";"Yes";"Yes";"Yes";"Yes";"Bank Transfer";89513.0;0.07035175879396985;0.06030150753768844;0.507537688442211;0.36180904522613067;"Early Adopter"
"M";27.0;"M";"Regular";"Yes";"No";"Yes";"No";"Bank Transfer";16840.0;0.04918032786885246;0.31693989071038253;0.4098360655737705;0.22404371584699453;"Early Adopter"
"F";68.0;"M";"Regular";"Yes";"No";"No";"No";"Website Account";25593.0;0.04918032786885246;0.31693989071038253;0.4098360655737705;0.22404371584699453;"Early Adopter"
"M";54.0;"S";"Seldom";"Yes";"No";"Yes";"No";"Website Account";38013.0;0.7513227513227513;0.021164021164021163;0.05291005291005291;0.1746031746031746;"Late Majority"
"F";51.0;"S";"Seldom";"Yes";"No";"No";"No";"Website Account";47666.0;0.7513227513227513;0.021164021164021163;0.05291005291005291;0.1746031746031746;"Late Majority"
"M";43.0;"M";"Seldom";"Yes";"Yes";"Yes";"No";"Website Account";30377.0;0.7513227513227513;0.021164021164021163;0.05291005291005291;0.1746031746031746;"Late Majority"
"M";47.0;"S";"Frequent";"Yes";"No";"No";"No";"Website Account";29644.0;0.1111111111111111;0.0;0.8888888888888888;0.0;"Early Adopter"
"F";56.0;"M";"Seldom";"Yes";"No";"Yes";"Yes";"Website Account";97401.0;0.07035175879396985;0.06030150753768844;0.507537688442211;0.36180904522613067;"Early Adopter"
"M";36.0;"S";"Regular";"Yes";"No";"Yes";"Yes";"Website Account";35350.0;0.04918032786885246;0.31693989071038253;0.4098360655737705;0.22404371584699453;"Early Adopter"
"F";37.0;"S";"Regular";"Yes";"Yes";"No";"No";"Website Account";59348.0;0.04918032786885246;0.31693989071038253;0.4098360655737705;0.22404371584699453;"Early Adopter"
"F";31.0;"S";"Seldom";"Yes";"No";"Yes";"No";"Website Account";84250.0;0.7513227513227513;0.021164021164021163;0.05291005291005291;0.1746031746031746;"Late Majority"
"M";46.0;"S";"Frequent";"Yes";"No";"No";"No";"Website Account";65693.0;0.1111111111111111;0.0;0.8888888888888888;0.0;"Early Adopter"
"F";50.0;"S";"Regular";"Yes";"Yes";"Yes";"No";"Bank Transfer";12539.0;0.04918032786885246;0.31693989071038253;0.4098360655737705;0.22404371584699453;"Early Adopter"
"F";37.0;"S";"Frequent";"Yes";"No";"Yes";"No";"Website Account";80502.0;0.125;0.875;0.0;0.0;"Innovator"
"M";62.0;"M";"Seldom";"Yes";"Yes";"Yes";"No";"Monthly Billing";15246.0;0.7513227513227513;0.021164021164021163;0.05291005291005291;0.1746031746031746;"Late Majority"
"F";38.0;"S";"Regular";"Yes";"Yes";"Yes";"Yes";"Bank Transfer";27978.0;0.04918032786885246;0.31693989071038253;0.4098360655737705;0.22404371584699453;"Early Adopter"
"M";45.0;"M";"Regular";"Yes";"Yes";"Yes";"Yes";"Website Account";12369.0;0.04918032786885246;0.31693989071038253;0.4098360655737705;0.22404371584699453;"Early Adopter"
"F";63.0;"M";"Regular";"Yes";"Yes";"Yes";"No";"Monthly Billing";83814.0;0.04918032786885246;0.31693989071038253;0.4098360655737705;0.22404371584699453;"Early Adopter"
"M";49.0;"S";"Regular";"Yes";"Yes";"Yes";"No";"Website Account";33371.0;0.04918032786885246;0.31693989071038253;0.4098360655737705;0.22404371584699453;"Early Adopter"
"M";36.0;"M";"Regular";"Yes";"Yes";"Yes";"No";"Bank Transfer";47720.0;0.04918032786885246;0.31693989071038253;0.4098360655737705;0.22404371584699453;"Early Adopter"
"F";36.0;"S";"Seldom";"Yes";"Yes";"Yes";"No";"Website Account";95027.0;0.7513227513227513;0.021164021164021163;0.05291005291005291;0.1746031746031746;"Late Majority"
"M";64.0;"S";"Seldom";"Yes";"No";"Yes";"Yes";"Bank Transfer";62258.0;0.07035175879396985;0.06030150753768844;0.507537688442211;0.36180904522613067;"Early Adopter"
"M";51.0;"M";"Frequent";"Yes";"Yes";"Yes";"No";"Bank Transfer";92296.0;0.0;0.6666666666666666;0.3333333333333333;0.0;"Innovator"
"M";65.0;"M";"Seldom";"Yes";"No";"Yes";"No";"Website Account";22477.0;0.7513227513227513;0.021164021164021163;0.05291005291005291;0.1746031746031746;"Late Majority"
"M";47.0;"M";"Regular";"Yes";"No";"Yes";"No";"Credit Card";67467.0;0.04918032786885246;0.31693989071038253;0.4098360655737705;0.22404371584699453;"Early Adopter"
"M";53.0;"S";"Regular";"Yes";"No";"Yes";"Yes";"Website Account";45505.0;0.04918032786885246;0.31693989071038253;0.4098360655737705;0.22404371584699453;"Early Adopter"
"F";63.0;"M";"Frequent";"Yes";"No";"No";"No";"Monthly Billing";54261.0;0.0;0.0;0.0;1.0;"Early Majority"
"M";69.0;"S";"Regular";"Yes";"Yes";"Yes";"Yes";"Credit Card";79934.0;0.04918032786885246;0.31693989071038253;0.4098360655737705;0.22404371584699453;"Early Adopter"
"M";63.0;"M";"Seldom";"Yes";"No";"Yes";"No";"Website Account";72889.0;0.7513227513227513;0.021164021164021163;0.05291005291005291;0.1746031746031746;"Late Majority"
"F";49.0;"S";"Seldom";"Yes";"No";"Yes";"Yes";"Monthly Billing";66037.0;0.07035175879396985;0.06030150753768844;0.507537688442211;0.36180904522613067;"Early Adopter"
"M";37.0;"S";"Seldom";"Yes";"No";"Yes";"No";"Bank Transfer";50272.0;0.7513227513227513;0.021164021164021163;0.05291005291005291;0.1746031746031746;"Late Majority"
"F";54.0;"S";"Regular";"Yes";"Yes";"No";"No";"Bank Transfer";70317.0;0.04918032786885246;0.31693989071038253;0.4098360655737705;0.22404371584699453;"Early Adopter"
"M";56.0;"S";"Regular";"Yes";"Yes";"Yes";"No";"Credit Card";25680.0;0.04918032786885246;0.31693989071038253;0.4098360655737705;0.22404371584699453;"Early Adopter"
"M";68.0;"S";"Regular";"Yes";"No";"No";"Yes";"Credit Card";77555.0;0.04918032786885246;0.31693989071038253;0.4098360655737705;0.22404371584699453;"Early Adopter"
"M";64.0;"M";"Seldom";"Yes";"Yes";"Yes";"Yes";"Website Account";19429.0;0.07035175879396985;0.06030150753768844;0.507537688442211;0.36180904522613067;"Early Adopter"
"F";27.0;"M";"Regular";"Yes";"Yes";"Yes";"Yes";"Monthly Billing";12524.0;0.04918032786885246;0.31693989071038253;0.4098360655737705;0.22404371584699453;"Early Adopter"
"M";45.0;"S";"Seldom";"Yes";"Yes";"Yes";"Yes";"Website Account";93580.0;0.07035175879396985;0.06030150753768844;0.507537688442211;0.36180904522613067;"Early Adopter"
"F";33.0;"M";"Regular";"Yes";"No";"Yes";"No";"Website Account";54445.0;0.04918032786885246;0.31693989071038253;0.4098360655737705;0.22404371584699453;"Early Adopter"
"M";68.0;"M";"Seldom";"Yes";"No";"No";"No";"Bank Transfer";20458.0;0.7513227513227513;0.021164021164021163;0.05291005291005291;0.1746031746031746;"Late Majority"
"M";67.0;"S";"Regular";"Yes";"Yes";"Yes";"Yes";"Credit Card";53642.0;0.04918032786885246;0.31693989071038253;0.4098360655737705;0.22404371584699453;"Early Adopter"
"M";58.0;"S";"Seldom";"Yes";"No";"Yes";"Yes";"Bank Transfer";59160.0;0.07035175879396985;0.06030150753768844;0.507537688442211;0.36180904522613067;"Early Adopter"
"M";26.0;"M";"Seldom";"Yes";"No";"No";"No";"Monthly Billing";29387.0;0.7513227513227513;0.021164021164021163;0.05291005291005291;0.1746031746031746;"Late Majority"
"M";47.0;"S";"Seldom";"Yes";"Yes";"Yes";"No";"Website Account";75473.0;0.7513227513227513;0.021164021164021163;0.05291005291005291;0.1746031746031746;"Late Majority"
"M";44.0;"M";"Frequent";"Yes";"Yes";"No";"Yes";"Website Account";93435.0;0.0;0.5;0.0;0.5;"Innovator"
"M";27.0;"M";"Regular";"Yes";"No";"Yes";"No";"Website Account";44042.0;0.04918032786885246;0.31693989071038253;0.4098360655737705;0.22404371584699453;"Early Adopter"
"M";39.0;"M";"Regular";"Yes";"Yes";"Yes";"No";"Bank Transfer";29936.0;0.04918032786885246;0.31693989071038253;0.4098360655737705;0.22404371584699453;"Early Adopter"
"M";58.0;"S";"Seldom";"Yes";"No";"Yes";"No";"Bank Transfer";96112.0;0.7513227513227513;0.021164021164021163;0.05291005291005291;0.1746031746031746;"Late Majority"
"M";47.0;"S";"Seldom";"Yes";"Yes";"Yes";"No";"Website Account";24454.0;0.7513227513227513;0.021164021164021163;0.05291005291005291;0.1746031746031746;"Late Majority"
"M";59.0;"S";"Seldom";"Yes";"No";"Yes";"No";"Bank Transfer";68250.0;0.7513227513227513;0.021164021164021163;0.05291005291005291;0.1746031746031746;"Late Majority"
"F";35.0;"M";"Frequent";"Yes";"Yes";"No";"No";"Monthly Billing";37033.0;0.125;0.875;0.0;0.0;"Innovator"
"M";54.0;"M";"Seldom";"Yes";"No";"Yes";"Yes";"Website Account";39308.0;0.07035175879396985;0.06030150753768844;0.507537688442211;0.36180904522613067;"Early Adopter"
"M";27.0;"M";"Regular";"Yes";"No";"Yes";"No";"Website Account";64692.0;0.04918032786885246;0.31693989071038253;0.4098360655737705;0.22404371584699453;"Early Adopter"
"M";52.0;"S";"Frequent";"Yes";"Yes";"Yes";"Yes";"Website Account";20313.0;0.0;1.0;0.0;0.0;"Innovator"
"M";30.0;"M";"Regular";"Yes";"Yes";"Yes";"No";"Website Account";82405.0;0.04918032786885246;0.31693989071038253;0.4098360655737705;0.22404371584699453;"Early Adopter"
"F";31.0;"S";"Seldom";"Yes";"No";"Yes";"No";"Website Account";79836.0;0.7513227513227513;0.021164021164021163;0.05291005291005291;0.1746031746031746;"Late Majority"
"F";65.0;"M";"Seldom";"Yes";"Yes";"Yes";"No";"Website Account";69814.0;0.7513227513227513;0.021164021164021163;0.05291005291005291;0.1746031746031746;"Late Majority"
"M";45.0;"M";"Regular";"Yes";"Yes";"Yes";"Yes";"Website Account";70355.0;0.04918032786885246;0.31693989071038253;0.4098360655737705;0.22404371584699453;"Early Adopter"
"M";44.0;"S";"Regular";"Yes";"No";"Yes";"No";"Website Account";63799.0;0.04918032786885246;0.31693989071038253;0.4098360655737705;0.22404371584699453;"Early Adopter"
"M";45.0;"M";"Regular";"Yes";"Yes";"Yes";"Yes";"Website Account";84850.0;0.04918032786885246;0.31693989071038253;0.4098360655737705;0.22404371584699453;"Early Adopter"
"F";52.0;"S";"Seldom";"Yes";"Yes";"Yes";"Yes";"Bank Transfer";57914.0;0.07035175879396985;0.06030150753768844;0.507537688442211;0.36180904522613067;"Early Adopter"
"F";51.0;"S";"Seldom";"Yes";"Yes";"No";"Yes";"Credit Card";15083.0;0.07035175879396985;0.06030150753768844;0.507537688442211;0.36180904522613067;"Early Adopter"
"M";25.0;"M";"Seldom";"Yes";"No";"No";"No";"Monthly Billing";13172.0;0.5;0.0;0.0;0.5;"Late Majority"
"M";29.0;"M";"Regular";"Yes";"Yes";"Yes";"No";"Website Account";25980.0;0.04918032786885246;0.31693989071038253;0.4098360655737705;0.22404371584699453;"Early Adopter"
"F";57.0;"S";"Seldom";"Yes";"No";"Yes";"No";"Website Account";93674.0;0.7513227513227513;0.021164021164021163;0.05291005291005291;0.1746031746031746;"Late Majority"
"M";35.0;"S";"Seldom";"Yes";"Yes";"Yes";"Yes";"Bank Transfer";61887.0;0.07035175879396985;0.06030150753768844;0.507537688442211;0.36180904522613067;"Early Adopter"
"F";54.0;"M";"Regular";"Yes";"Yes";"No";"No";"Bank Transfer";44360.0;0.04918032786885246;0.31693989071038253;0.4098360655737705;0.22404371584699453;"Early Adopter"
"F";35.0;"S";"Seldom";"Yes";"No";"Yes";"No";"Bank Transfer";11925.0;0.7513227513227513;0.021164021164021163;0.05291005291005291;0.1746031746031746;"Late Majority"
"F";62.0;"M";"Frequent";"Yes";"No";"No";"No";"Monthly Billing";25404.0;0.0;0.0;0.0;1.0;"Early Majority"
"M";47.0;"S";"Regular";"Yes";"No";"No";"Yes";"Credit Card";63476.0;0.04918032786885246;0.31693989071038253;0.4098360655737705;0.22404371584699453;"Early Adopter"
"M";58.0;"S";"Seldom";"Yes";"Yes";"Yes";"Yes";"Bank Transfer";49470.0;0.07035175879396985;0.06030150753768844;0.507537688442211;0.36180904522613067;"Early Adopter"
"M";36.0;"M";"Regular";"Yes";"Yes";"Yes";"No";"Bank Transfer";50462.0;0.04918032786885246;0.31693989071038253;0.4098360655737705;0.22404371584699453;"Early Adopter"
"M";51.0;"S";"Frequent";"Yes";"Yes";"Yes";"Yes";"Website Account";67881.0;0.0;1.0;0.0;0.0;"Innovator"
"M";17.0;"M";"Seldom";"Yes";"No";"Yes";"No";"Credit Card";62131.0;0.0;0.0;0.0;1.0;"Early Majority"
"M";29.0;"M";"Regular";"No";"No";"Yes";"No";"Monthly Billing";34213.0;0.04918032786885246;0.31693989071038253;0.4098360655737705;0.22404371584699453;"Early Adopter"
"M";69.0;"S";"Regular";"Yes";"No";"No";"Yes";"Credit Card";37652.0;0.04918032786885246;0.31693989071038253;0.4098360655737705;0.22404371584699453;"Early Adopter"
"M";37.0;"M";"Seldom";"Yes";"No";"Yes";"No";"Monthly Billing";47884.0;0.7513227513227513;0.021164021164021163;0.05291005291005291;0.1746031746031746;"Late Majority"
"F";56.0;"S";"Seldom";"Yes";"No";"Yes";"No";"Website Account";37805.0;0.7513227513227513;0.021164021164021163;0.05291005291005291;0.1746031746031746;"Late Majority"
"F";53.0;"S";"Seldom";"Yes";"No";"Yes";"Yes";"Credit Card";54220.0;0.07035175879396985;0.06030150753768844;0.507537688442211;0.36180904522613067;"Early Adopter"
"M";22.0;"M";"Regular";"Yes";"Yes";"Yes";"Yes";"Website Account";40666.0;0.04918032786885246;0.31693989071038253;0.4098360655737705;0.22404371584699453;"Early Adopter"
"M";25.0;"S";"Seldom";"Yes";"Yes";"Yes";"No";"Bank Transfer";45265.0;0.0;0.058823529411764705;0.0;0.9411764705882353;"Early Majority"
"M";70.0;"M";"Regular";"Yes";"Yes";"Yes";"No";"Bank Transfer";58527.0;0.04918032786885246;0.31693989071038253;0.4098360655737705;0.22404371584699453;"Early Adopter"
"M";28.0;"M";"Seldom";"Yes";"No";"Yes";"Yes";"Website Account";57937.0;0.07035175879396985;0.06030150753768844;0.507537688442211;0.36180904522613067;"Early Adopter"
"F";50.0;"M";"Regular";"Yes";"Yes";"No";"No";"Bank Transfer";73642.0;0.04918032786885246;0.31693989071038253;0.4098360655737705;0.22404371584699453;"Early Adopter"
"F";18.0;"S";"Seldom";"Yes";"No";"Yes";"Yes";"Website Account";36277.0;0.07035175879396985;0.06030150753768844;0.507537688442211;0.36180904522613067;"Early Adopter"
"M";52.0;"M";"Seldom";"Yes";"Yes";"Yes";"No";"Website Account";85451.0;0.7513227513227513;0.021164021164021163;0.05291005291005291;0.1746031746031746;"Late Majority"
"F";47.0;"S";"Seldom";"Yes";"Yes";"No";"No";"Bank Transfer";25156.0;0.7513227513227513;0.021164021164021163;0.05291005291005291;0.1746031746031746;"Late Majority"
"F";53.0;"M";"Seldom";"Yes";"No";"Yes";"No";"Bank Transfer";57202.0;0.7513227513227513;0.021164021164021163;0.05291005291005291;0.1746031746031746;"Late Majority"
"M";33.0;"M";"Seldom";"Yes";"No";"Yes";"No";"Monthly Billing";38763.0;0.7513227513227513;0.021164021164021163;0.05291005291005291;0.1746031746031746;"Late Majority"
"F";34.0;"M";"Frequent";"Yes";"Yes";"No";"No";"Monthly Billing";92336.0;0.125;0.875;0.0;0.0;"Innovator"
"F";64.0;"M";"Seldom";"Yes";"No";"Yes";"No";"Website Account";54303.0;0.7513227513227513;0.021164021164021163;0.05291005291005291;0.1746031746031746;"Late Majority"
"F";64.0;"M";"Regular";"No";"Yes";"Yes";"No";"Bank Transfer";14026.0;0.04918032786885246;0.31693989071038253;0.4098360655737705;0.22404371584699453;"Early Adopter"
"M";18.0;"M";"Seldom";"Yes";"Yes";"Yes";"Yes";"Website Account";33261.0;0.07035175879396985;0.06030150753768844;0.507537688442211;0.36180904522613067;"Early Adopter"
"F";56.0;"M";"Seldom";"Yes";"No";"Yes";"Yes";"Website Account";42167.0;0.07035175879396985;0.06030150753768844;0.507537688442211;0.36180904522613067;"Early Adopter"
"M";44.0;"M";"Seldom";"Yes";"Yes";"Yes";"Yes";"Bank Transfer";13957.0;0.07035175879396985;0.06030150753768844;0.507537688442211;0.36180904522613067;"Early Adopter"
"M";22.0;"S";"Seldom";"Yes";"Yes";"Yes";"No";"Bank Transfer";77370.0;0.0;0.058823529411764705;0.0;0.9411764705882353;"Early Majority"
"F";52.0;"S";"Seldom";"Yes";"Yes";"Yes";"Yes";"Bank Transfer";89231.0;0.07035175879396985;0.06030150753768844;0.507537688442211;0.36180904522613067;"Early Adopter"
"M";34.0;"M";"Seldom";"Yes";"Yes";"Yes";"Yes";"Website Account";49408.0;0.07035175879396985;0.06030150753768844;0.507537688442211;0.36180904522613067;"Early Adopter"
"F";48.0;"S";"Regular";"Yes";"Yes";"Yes";"No";"Bank Transfer";60321.0;0.04918032786885246;0.31693989071038253;0.4098360655737705;0.22404371584699453;"Early Adopter"
"F";57.0;"S";"Seldom";"Yes";"No";"Yes";"Yes";"Credit Card";17505.0;0.07035175879396985;0.06030150753768844;0.507537688442211;0.36180904522613067;"Early Adopter"
"F";54.0;"S";"Seldom";"Yes";"No";"Yes";"Yes";"Credit Card";13308.0;0.07035175879396985;0.06030150753768844;0.507537688442211;0.36180904522613067;"Early Adopter"
"F";46.0;"M";"Regular";"Yes";"Yes";"Yes";"Yes";"Bank Transfer";80117.0;0.04918032786885246;0.31693989071038253;0.4098360655737705;0.22404371584699453;"Early Adopter"
"F";49.0;"S";"Seldom";"Yes";"No";"Yes";"Yes";"Monthly Billing";28382.0;0.07035175879396985;0.06030150753768844;0.507537688442211;0.36180904522613067;"Early Adopter"
"F";44.0;"M";"Seldom";"Yes";"Yes";"Yes";"Yes";"Website Account";26623.0;0.07035175879396985;0.06030150753768844;0.507537688442211;0.36180904522613067;"Early Adopter"
"F";65.0;"M";"Frequent";"No";"Yes";"No";"Yes";"Website Account";14109.0;0.3333333333333333;0.6666666666666666;0.0;0.0;"Innovator"
"F";53.0;"S";"Seldom";"Yes";"No";"No";"No";"Website Account";29168.0;0.7513227513227513;0.021164021164021163;0.05291005291005291;0.1746031746031746;"Late Majority"
"F";63.0;"M";"Seldom";"Yes";"Yes";"Yes";"Yes";"Monthly Billing";89822.0;0.07035175879396985;0.06030150753768844;0.507537688442211;0.36180904522613067;"Early Adopter"
"F";63.0;"M";"Regular";"Yes";"Yes";"Yes";"No";"Monthly Billing";87800.0;0.04918032786885246;0.31693989071038253;0.4098360655737705;0.22404371584699453;"Early Adopter"
"F";55.0;"S";"Regular";"Yes";"Yes";"No";"No";"Bank Transfer";36704.0;0.04918032786885246;0.31693989071038253;0.4098360655737705;0.22404371584699453;"Early Adopter"
"F";34.0;"M";"Regular";"Yes";"No";"Yes";"No";"Website Account";26584.0;0.04918032786885246;0.31693989071038253;0.4098360655737705;0.22404371584699453;"Early Adopter"
"M";25.0;"M";"Seldom";"Yes";"No";"No";"No";"Monthly Billing";21792.0;0.5;0.0;0.0;0.5;"Late Majority"
"F";31.0;"S";"Seldom";"Yes";"No";"Yes";"No";"Website Account";86915.0;0.7513227513227513;0.021164021164021163;0.05291005291005291;0.1746031746031746;"Late Majority"
"F";54.0;"S";"Regular";"Yes";"Yes";"No";"No";"Bank Transfer";55886.0;0.04918032786885246;0.31693989071038253;0.4098360655737705;0.22404371584699453;"Early Adopter"
"M";17.0;"M";"Seldom";"Yes";"Yes";"Yes";"Yes";"Website Account";35863.0;0.07035175879396985;0.06030150753768844;0.507537688442211;0.36180904522613067;"Early Adopter"
"M";34.0;"M";"Seldom";"Yes";"No";"Yes";"Yes";"Website Account";88479.0;0.07035175879396985;0.06030150753768844;0.507537688442211;0.36180904522613067;"Early Adopter"
"M";54.0;"M";"Seldom";"Yes";"No";"No";"Yes";"Credit Card";70624.0;0.07035175879396985;0.06030150753768844;0.507537688442211;0.36180904522613067;"Early Adopter"
"F";27.0;"S";"Regular";"Yes";"No";"Yes";"Yes";"Bank Transfer";82082.0;0.04918032786885246;0.31693989071038253;0.4098360655737705;0.22404371584699453;"Early Adopter"
"F";56.0;"S";"Seldom";"Yes";"No";"Yes";"No";"Monthly Billing";41234.0;0.7513227513227513;0.021164021164021163;0.05291005291005291;0.1746031746031746;"Late Majority"
"F";51.0;"M";"Seldom";"Yes";"Yes";"Yes";"No";"Bank Transfer";18836.0;0.7513227513227513;0.021164021164021163;0.05291005291005291;0.1746031746031746;"Late Majority"
"M";55.0;"M";"Seldom";"Yes";"Yes";"Yes";"No";"Website Account";82587.0;0.7513227513227513;0.021164021164021163;0.05291005291005291;0.1746031746031746;"Late Majority"
"M";44.0;"S";"Seldom";"Yes";"Yes";"Yes";"Yes";"Bank Transfer";35993.0;0.07035175879396985;0.06030150753768844;0.507537688442211;0.36180904522613067;"Early Adopter"
"M";47.0;"S";"Regular";"Yes";"Yes";"Yes";"No";"Website Account";52083.0;0.04918032786885246;0.31693989071038253;0.4098360655737705;0.22404371584699453;"Early Adopter"
"F";68.0;"S";"Seldom";"Yes";"No";"Yes";"Yes";"Website Account";26771.0;0.07035175879396985;0.06030150753768844;0.507537688442211;0.36180904522613067;"Early Adopter"
"M";44.0;"M";"Seldom";"Yes";"Yes";"Yes";"No";"Website Account";79906.0;0.7513227513227513;0.021164021164021163;0.05291005291005291;0.1746031746031746;"Late Majority"
"M";69.0;"M";"Regular";"Yes";"Yes";"Yes";"No";"Bank Transfer";46208.0;0.04918032786885246;0.31693989071038253;0.4098360655737705;0.22404371584699453;"Early Adopter"
"M";61.0;"M";"Seldom";"Yes";"Yes";"Yes";"No";"Monthly Billing";59086.0;0.7513227513227513;0.021164021164021163;0.05291005291005291;0.1746031746031746;"Late Majority"
"M";47.0;"M";"Seldom";"Yes";"Yes";"Yes";"Yes";"Monthly Billing";91499.0;0.07035175879396985;0.06030150753768844;0.507537688442211;0.36180904522613067;"Early Adopter"
"M";49.0;"M";"Regular";"Yes";"No";"Yes";"No";"Credit Card";45785.0;0.04918032786885246;0.31693989071038253;0.4098360655737705;0.22404371584699453;"Early Adopter"
"M";52.0;"S";"Regular";"Yes";"No";"Yes";"Yes";"Website Account";44531.0;0.04918032786885246;0.31693989071038253;0.4098360655737705;0.22404371584699453;"Early Adopter"
"M";32.0;"S";"Seldom";"Yes";"Yes";"Yes";"Yes";"Bank Transfer";97494.0;0.07035175879396985;0.06030150753768844;0.507537688442211;0.36180904522613067;"Early Adopter"
"M";42.0;"S";"Seldom";"Yes";"No";"No";"Yes";"Bank Transfer";30952.0;0.07035175879396985;0.06030150753768844;0.507537688442211;0.36180904522613067;"Early Adopter"
"M";25.0;"M";"Regular";"Yes";"No";"Yes";"No";"Bank Transfer";51513.0;0.04918032786885246;0.31693989071038253;0.4098360655737705;0.22404371584699453;"Early Adopter"
"F";49.0;"M";"Regular";"No";"Yes";"Yes";"No";"Credit Card";98275.0;0.04918032786885246;0.31693989071038253;0.4098360655737705;0.22404371584699453;"Early Adopter"
"M";57.0;"S";"Seldom";"Yes";"No";"Yes";"No";"Bank Transfer";38844.0;0.7513227513227513;0.021164021164021163;0.05291005291005291;0.1746031746031746;"Late Majority"
"M";30.0;"M";"Seldom";"Yes";"No";"Yes";"Yes";"Website Account";44534.0;0.07035175879396985;0.06030150753768844;0.507537688442211;0.36180904522613067;"Early Adopter"
"F";54.0;"M";"Seldom";"Yes";"No";"Yes";"Yes";"Website Account";62080.0;0.07035175879396985;0.06030150753768844;0.507537688442211;0.36180904522613067;"Early Adopter"
"F";43.0;"M";"Seldom";"Yes";"No";"Yes";"No";"Bank Transfer";85874.0;0.7513227513227513;0.021164021164021163;0.05291005291005291;0.1746031746031746;"Late Majority"
"M";44.0;"M";"Regular";"Yes";"Yes";"Yes";"Yes";"Website Account";19015.0;0.04918032786885246;0.31693989071038253;0.4098360655737705;0.22404371584699453;"Early Adopter"
"M";33.0;"S";"Seldom";"Yes";"No";"Yes";"No";"Website Account";46304.0;0.7513227513227513;0.021164021164021163;0.05291005291005291;0.1746031746031746;"Late Majority"
"F";45.0;"M";"Seldom";"Yes";"No";"Yes";"Yes";"Bank Transfer";22561.0;0.07035175879396985;0.06030150753768844;0.507537688442211;0.36180904522613067;"Early Adopter"
"F";63.0;"M";"Regular";"No";"Yes";"Yes";"No";"Bank Transfer";32227.0;0.04918032786885246;0.31693989071038253;0.4098360655737705;0.22404371584699453;"Early Adopter"
"M";51.0;"S";"Frequent";"Yes";"Yes";"Yes";"Yes";"Website Account";77172.0;0.0;1.0;0.0;0.0;"Innovator"
"M";25.0;"S";"Seldom";"Yes";"No";"Yes";"No";"Bank Transfer";99190.0;0.25;0.0;0.0;0.75;"Early Majority"
"F";62.0;"M";"Seldom";"Yes";"Yes";"Yes";"No";"Website Account";48018.0;0.7513227513227513;0.021164021164021163;0.05291005291005291;0.1746031746031746;"Late Majority"
"M";68.0;"S";"Seldom";"Yes";"No";"Yes";"Yes";"Bank Transfer";92784.0;0.07035175879396985;0.06030150753768844;0.507537688442211;0.36180904522613067;"Early Adopter"
"F";28.0;"M";"Seldom";"Yes";"Yes";"Yes";"No";"Bank Transfer";47073.0;0.7513227513227513;0.021164021164021163;0.05291005291005291;0.1746031746031746;"Late Majority"
"F";53.0;"S";"Seldom";"Yes";"Yes";"Yes";"No";"Credit Card";62523.0;0.7513227513227513;0.021164021164021163;0.05291005291005291;0.1746031746031746;"Late Majority"
"M";64.0;"M";"Seldom";"Yes";"Yes";"Yes";"No";"Monthly Billing";50551.0;0.7513227513227513;0.021164021164021163;0.05291005291005291;0.1746031746031746;"Late Majority"
"F";44.0;"S";"Seldom";"Yes";"No";"Yes";"No";"Monthly Billing";36437.0;0.7513227513227513;0.021164021164021163;0.05291005291005291;0.1746031746031746;"Late Majority"
"F";40.0;"M";"Seldom";"Yes";"No";"Yes";"Yes";"Bank Transfer";25354.0;0.07035175879396985;0.06030150753768844;0.507537688442211;0.36180904522613067;"Early Adopter"
"F";52.0;"S";"Seldom";"Yes";"Yes";"Yes";"No";"Credit Card";45460.0;0.7513227513227513;0.021164021164021163;0.05291005291005291;0.1746031746031746;"Late Majority"
"F";29.0;"M";"Seldom";"Yes";"Yes";"Yes";"No";"Bank Transfer";18272.0;0.7513227513227513;0.021164021164021163;0.05291005291005291;0.1746031746031746;"Late Majority"
"M";22.0;"M";"Seldom";"Yes";"No";"Yes";"Yes";"Monthly Billing";42885.0;0.07035175879396985;0.06030150753768844;0.507537688442211;0.36180904522613067;"Early Adopter"
"M";66.0;"M";"Regular";"Yes";"Yes";"Yes";"No";"Bank Transfer";79050.0;0.04918032786885246;0.31693989071038253;0.4098360655737705;0.22404371584699453;"Early Adopter"
"F";30.0;"M";"Seldom";"Yes";"No";"Yes";"Yes";"Bank Transfer";77950.0;0.07035175879396985;0.06030150753768844;0.507537688442211;0.36180904522613067;"Early Adopter"
"M";45.0;"S";"Seldom";"Yes";"Yes";"Yes";"No";"Bank Transfer";93846.0;0.7513227513227513;0.021164021164021163;0.05291005291005291;0.1746031746031746;"Late Majority"
"F";45.0;"S";"Seldom";"Yes";"No";"Yes";"No";"Monthly Billing";70720.0;0.7513227513227513;0.021164021164021163;0.05291005291005291;0.1746031746031746;"Late Majority"
"M";69.0;"S";"Regular";"Yes";"No";"No";"Yes";"Credit Card";45100.0;0.04918032786885246;0.31693989071038253;0.4098360655737705;0.22404371584699453;"Early Adopter"
"M";43.0;"M";"Frequent";"Yes";"Yes";"No";"Yes";"Website Account";58704.0;0.0;0.5;0.0;0.5;"Innovator"
"F";24.0;"M";"Regular";"Yes";"Yes";"Yes";"No";"Credit Card";10591.0;0.04918032786885246;0.31693989071038253;0.4098360655737705;0.22404371584699453;"Early Adopter"
"M";51.0;"M";"Seldom";"Yes";"Yes";"Yes";"No";"Website Account";81628.0;0.7513227513227513;0.021164021164021163;0.05291005291005291;0.1746031746031746;"Late Majority"
"M";26.0;"M";"Regular";"Yes";"No";"Yes";"No";"Bank Transfer";37085.0;0.04918032786885246;0.31693989071038253;0.4098360655737705;0.22404371584699453;"Early Adopter"
"M";34.0;"M";"Seldom";"Yes";"Yes";"Yes";"Yes";"Website Account";43730.0;0.07035175879396985;0.06030150753768844;0.507537688442211;0.36180904522613067;"Early Adopter"
"F";40.0;"S";"Regular";"Yes";"Yes";"Yes";"Yes";"Bank Transfer";45512.0;0.04918032786885246;0.31693989071038253;0.4098360655737705;0.22404371584699453;"Early Adopter"
"F";32.0;"M";"Regular";"Yes";"No";"Yes";"No";"Website Account";98200.0;0.04918032786885246;0.31693989071038253;0.4098360655737705;0.22404371584699453;"Early Adopter"
"F";30.0;"M";"Seldom";"Yes";"No";"Yes";"No";"Monthly Billing";31131.0;0.7513227513227513;0.021164021164021163;0.05291005291005291;0.1746031746031746;"Late Majority"
"M";58.0;"S";"Regular";"Yes";"Yes";"Yes";"No";"Credit Card";22299.0;0.04918032786885246;0.31693989071038253;0.4098360655737705;0.22404371584699453;"Early Adopter"
"F";56.0;"M";"Seldom";"Yes";"No";"Yes";"Yes";"Website Account";55610.0;0.07035175879396985;0.06030150753768844;0.507537688442211;0.36180904522613067;"Early Adopter"
"M";42.0;"M";"Seldom";"Yes";"Yes";"Yes";"No";"Website Account";10791.0;0.7513227513227513;0.021164021164021163;0.05291005291005291;0.1746031746031746;"Late Majority"
"M";22.0;"M";"Seldom";"Yes";"No";"Yes";"Yes";"Monthly Billing";31265.0;0.07035175879396985;0.06030150753768844;0.507537688442211;0.36180904522613067;"Early Adopter"
"F";46.0;"S";"Regular";"Yes";"Yes";"Yes";"No";"Bank Transfer";43219.0;0.04918032786885246;0.31693989071038253;0.4098360655737705;0.22404371584699453;"Early Adopter"
"M";44.0;"S";"Seldom";"Yes";"Yes";"Yes";"Yes";"Bank Transfer";76881.0;0.07035175879396985;0.06030150753768844;0.507537688442211;0.36180904522613067;"Early Adopter"
"M";52.0;"M";"Seldom";"Yes";"No";"No";"Yes";"Credit Card";88795.0;0.07035175879396985;0.06030150753768844;0.507537688442211;0.36180904522613067;"Early Adopter"
"M";45.0;"M";"Regular";"Yes";"No";"No";"No";"Credit Card";40012.0;0.04918032786885246;0.31693989071038253;0.4098360655737705;0.22404371584699453;"Early Adopter"
"M";58.0;"S";"Regular";"Yes";"Yes";"Yes";"Yes";"Bank Transfer";13107.0;0.04918032786885246;0.31693989071038253;0.4098360655737705;0.22404371584699453;"Early Adopter"
"F";67.0;"M";"Frequent";"No";"Yes";"No";"Yes";"Website Account";28029.0;0.3333333333333333;0.6666666666666666;0.0;0.0;"Innovator"
"F";45.0;"S";"Seldom";"Yes";"No";"Yes";"No";"Monthly Billing";19419.0;0.7513227513227513;0.021164021164021163;0.05291005291005291;0.1746031746031746;"Late Majority"
"M";50.0;"M";"Seldom";"Yes";"Yes";"Yes";"Yes";"Monthly Billing";94865.0;0.07035175879396985;0.06030150753768844;0.507537688442211;0.36180904522613067;"Early Adopter"
"M";58.0;"S";"Seldom";"Yes";"No";"Yes";"No";"Website Account";35783.0;0.7513227513227513;0.021164021164021163;0.05291005291005291;0.1746031746031746;"Late Majority"
"F";45.0;"M";"Regular";"Yes";"Yes";"Yes";"Yes";"Bank Transfer";55075.0;0.04918032786885246;0.31693989071038253;0.4098360655737705;0.22404371584699453;"Early Adopter"
"M";61.0;"S";"Regular";"No";"Yes";"Yes";"Yes";"Bank Transfer";51964.0;0.04918032786885246;0.31693989071038253;0.4098360655737705;0.22404371584699453;"Early Adopter"
"F";50.0;"M";"Seldom";"Yes";"Yes";"Yes";"No";"Bank Transfer";24468.0;0.7513227513227513;0.021164021164021163;0.05291005291005291;0.1746031746031746;"Late Majority"
"M";33.0;"S";"Seldom";"Yes";"Yes";"Yes";"Yes";"Bank Transfer";19016.0;0.07035175879396985;0.06030150753768844;0.507537688442211;0.36180904522613067;"Early Adopter"
"M";32.0;"S";"Seldom";"Yes";"No";"Yes";"No";"Website Account";91208.0;0.7513227513227513;0.021164021164021163;0.05291005291005291;0.1746031746031746;"Late Majority"
"M";55.0;"M";"Seldom";"Yes";"No";"Yes";"Yes";"Website Account";84566.0;0.07035175879396985;0.06030150753768844;0.507537688442211;0.36180904522613067;"Early Adopter"
"F";32.0;"M";"Frequent";"Yes";"Yes";"No";"No";"Monthly Billing";81945.0;0.125;0.875;0.0;0.0;"Innovator"
"M";50.0;"S";"Frequent";"Yes";"No";"No";"No";"Website Account";89520.0;0.1111111111111111;0.0;0.8888888888888888;0.0;"Early Adopter"
"F";64.0;"S";"Seldom";"Yes";"No";"Yes";"Yes";"Website Account";50695.0;0.07035175879396985;0.06030150753768844;0.507537688442211;0.36180904522613067;"Early Adopter"
"M";37.0;"M";"Seldom";"Yes";"No";"Yes";"No";"Monthly Billing";35169.0;0.7513227513227513;0.021164021164021163;0.05291005291005291;0.1746031746031746;"Late Majority"
"M";36.0;"S";"Seldom";"Yes";"No";"Yes";"Yes";"Bank Transfer";58325.0;0.07035175879396985;0.06030150753768844;0.507537688442211;0.36180904522613067;"Early Adopter"
"M";49.0;"S";"Seldom";"Yes";"No";"Yes";"Yes";"Website Account";61278.0;0.07035175879396985;0.06030150753768844;0.507537688442211;0.36180904522613067;"Early Adopter"
"M";25.0;"S";"Seldom";"Yes";"No";"Yes";"No";"Bank Transfer";93730.0;0.25;0.0;0.0;0.75;"Early Majority"
"F";34.0;"M";"Frequent";"Yes";"Yes";"No";"No";"Monthly Billing";22171.0;0.125;0.875;0.0;0.0;"Innovator"
"F";62.0;"M";"Frequent";"Yes";"No";"No";"No";"Monthly Billing";23677.0;0.0;0.0;0.0;1.0;"Early Majority"
"M";49.0;"M";"Seldom";"Yes";"Yes";"Yes";"Yes";"Monthly Billing";13296.0;0.07035175879396985;0.06030150753768844;0.507537688442211;0.36180904522613067;"Early Adopter"
"M";45.0;"S";"Seldom";"Yes";"Yes";"Yes";"Yes";"Website Account";13443.0;0.07035175879396985;0.06030150753768844;0.507537688442211;0.36180904522613067;"Early Adopter"
"M";44.0;"M";"Regular";"Yes";"No";"No";"No";"Credit Card";63959.0;0.04918032786885246;0.31693989071038253;0.4098360655737705;0.22404371584699453;"Early Adopter"
"F";43.0;"M";"Seldom";"Yes";"No";"Yes";"No";"Bank Transfer";97362.0;0.7513227513227513;0.021164021164021163;0.05291005291005291;0.1746031746031746;"Late Majority"
"F";68.0;"M";"Frequent";"No";"Yes";"No";"Yes";"Website Account";73187.0;0.3333333333333333;0.6666666666666666;0.0;0.0;"Innovator"
"F";50.0;"S";"Seldom";"Yes";"Yes";"No";"Yes";"Bank Transfer";69715.0;0.07035175879396985;0.06030150753768844;0.507537688442211;0.36180904522613067;"Early Adopter"
"M";48.0;"M";"Regular";"Yes";"No";"No";"No";"Credit Card";38914.0;0.04918032786885246;0.31693989071038253;0.4098360655737705;0.22404371584699453;"Early Adopter"
"F";51.0;"M";"Seldom";"Yes";"Yes";"Yes";"No";"Bank Transfer";14202.0;0.7513227513227513;0.021164021164021163;0.05291005291005291;0.1746031746031746;"Late Majority"
"M";60.0;"S";"Seldom";"Yes";"No";"Yes";"Yes";"Bank Transfer";45102.0;0.07035175879396985;0.06030150753768844;0.507537688442211;0.36180904522613067;"Early Adopter"
"F";24.0;"S";"Seldom";"Yes";"No";"No";"No";"Credit Card";96393.0;0.5;0.0;0.0;0.5;"Late Majority"
"M";23.0;"M";"Regular";"Yes";"Yes";"Yes";"Yes";"Website Account";40897.0;0.04918032786885246;0.31693989071038253;0.4098360655737705;0.22404371584699453;"Early Adopter"
"F";36.0;"S";"Seldom";"Yes";"No";"Yes";"No";"Bank Transfer";23653.0;0.7513227513227513;0.021164021164021163;0.05291005291005291;0.1746031746031746;"Late Majority"
"M";46.0;"S";"Seldom";"Yes";"Yes";"Yes";"Yes";"Bank Transfer";88464.0;0.07035175879396985;0.06030150753768844;0.507537688442211;0.36180904522613067;"Early Adopter"
